Keywords,Category,Tags,Status,Post Url,Post Date / Tmie
"tim curry","Hollywood Legends","tim curry movies | tim curry health | tim curry rocky horror picture show | tim curry pennywise","Published","https://celeb-edge.vercel.app/celebrity/tim-curry","2026-02-10 10:00:00"
"cillian murphy","Biographies & Profiles","cillian murphy oscar oppenheimer | cillian murphy peaky blinders movie | cillian murphy net worth | cillian murphy wife yvonne mcguinness","Published","https://celeb-edge.vercel.app/celebrity/cillian-murphy","2026-02-14 09:00:00"
"zendaya","Movies & Television","zendaya movies and tv shows | zendaya tom holland relationship | zendaya net worth 2026 | zendaya dune challengers","Published","https://celeb-edge.vercel.app/celebrity/zendaya","2026-02-18 11:00:00"
"matt damon","Net Worth & Wealth","matt damon net worth | matt damon wife | matt damon movies | matt damon ben affleck production","Published","https://celeb-edge.vercel.app/celebrity/matt-damon","2026-01-20 10:00:00"
"taylor swift wedding","Relationships & Marriages","is taylor swift married | taylor swift travis kelce | taylor swift wedding dress | taylor swift husband 2026","Published","https://celeb-edge.vercel.app/celebrity/taylor-swift-wedding","2026-03-01 12:00:00"
"pedro pascal","Biographies & Profiles","pedro pascal movies and tv shows | pedro pascal the last of us season 2 | pedro pascal gladiator 2 | pedro pascal net worth","Published","https://celeb-edge.vercel.app/celebrity/pedro-pascal","2026-02-22 10:00:00"
"margot robbie","Net Worth & Wealth","margot robbie net worth | margot robbie barbie salary backend | margot robbie husband tom ackerley | margot robbie movies luckychap","Published","https://celeb-edge.vercel.app/celebrity/margot-robbie","2026-02-12 10:00:00"
"keanu reeves","Hollywood Legends","keanu reeves net worth | keanu reeves partner alexandra grant | keanu reeves john wick 5 | keanu reeves movies matrix","Published","https://celeb-edge.vercel.app/celebrity/keanu-reeves","2026-01-25 10:00:00"
"jeremy allen white","Movies & Television","jeremy allen white movies and tv shows | jeremy allen white the bear | jeremy allen white net worth | jeremy allen white wife","Published","https://celeb-edge.vercel.app/celebrity/jeremy-allen-white","2026-02-18 10:00:00"
"finn wolfhard","Biographies & Profiles","is finn wolfhard jewish | finn wolfhard age | finn wolfhard height | finn wolfhard net worth","Published","https://celeb-edge.vercel.app/celebrity/finn-wolfhard","2026-01-15 08:00:00"
"jenna ortega","Movies & Television","jenna ortega movies and tv shows | jenna ortega wednesday season 2 | jenna ortega beetlejuice beetlejuice | jenna ortega net worth","Published","https://celeb-edge.vercel.app/celebrity/jenna-ortega","2026-02-25 11:00:00"
"leonardo dicaprio","Hollywood Legends","leonardo dicaprio movies | leonardo dicaprio oscar | leonardo dicaprio net worth | leonardo dicaprio girlfriend vittoria ceretti","Published","https://celeb-edge.vercel.app/celebrity/leonardo-dicaprio","2026-01-18 10:00:00"
"tom holland","Movies & Television","tom holland movies | tom holland and zendaya | tom holland spider-man | tom holland net worth","Published","https://celeb-edge.vercel.app/celebrity/tom-holland","2026-02-15 08:00:00"
"rosalia","Music & Performing Arts","rosalia songs | rosalia net worth | rosalia motomami | rosalia grammy awards","Published","https://celeb-edge.vercel.app/celebrity/rosalia","2026-02-15 08:00:00"
"travis kelce","Sports & Culture","travis kelce stats | travis kelce taylor swift | travis kelce net worth | travis kelce super bowl","Published","https://celeb-edge.vercel.app/celebrity/travis-kelce","2026-02-15 08:00:00"
"billy bob thornton","Celebrity Profiles & Bios","billy bob thornton movies | billy bob thornton net worth | billy bob thornton oscar | billy bob thornton landman","Published","https://celeb-edge.vercel.app/celebrity/billy-bob-thornton","2026-09-29 11:58:58"
"winona ryder","Hollywood Actors","winona ryder net worth | winona ryder age | winona ryder career | winona ryder 2026","Published","https://celeb-edge.vercel.app/celebrity/winona-ryder","2026-09-29 12:19:42"
"drake","Music & Performing Arts","drake net worth | drake age | drake career | drake 2026","Published","https://celeb-edge.vercel.app/celebrity/drake","2026-09-29 12:20:14"
"kylie jenner","Digital Culture & Creators","kylie jenner net worth | kylie jenner age | kylie jenner career | kylie jenner 2026","Published","https://celeb-edge.vercel.app/celebrity/kylie-jenner","2026-09-29 12:21:02"

"will smith","Music & Performing Arts","will smith net worth | will smith age | will smith career | will smith 2026","Published","https://celeb-edge.vercel.app/celebrity/will-smith","2026-09-29 14:32:19"
"robert redford","Hollywood Actors","robert redford net worth | robert redford age | robert redford career | robert redford 2026","Published","https://celeb-edge.vercel.app/celebrity/robert-redford","2026-09-30 10:07:21"
"david harbour","Hollywood Actors","david harbour net worth | david harbour age | david harbour career | david harbour 2026","Published","https://celeb-edge.vercel.app/celebrity/david-harbour","2026-09-30 11:16:42"